-- MySQL dump 10.13  Distrib 5.6.17, for Win64 (x86_64)
--
-- Host: localhost    Database: wallet
-- ------------------------------------------------------
-- Server version	5.6.17

/*!40101 SET @OLD_CHARACTER_SET_CLIENT=@@CHARACTER_SET_CLIENT */;
/*!40101 SET @OLD_CHARACTER_SET_RESULTS=@@CHARACTER_SET_RESULTS */;
/*!40101 SET @OLD_COLLATION_CONNECTION=@@COLLATION_CONNECTION */;
/*!40101 SET NAMES utf8 */;
/*!40103 SET @OLD_TIME_ZONE=@@TIME_ZONE */;
/*!40103 SET TIME_ZONE='+00:00' */;
/*!40014 SET @OLD_UNIQUE_CHECKS=@@UNIQUE_CHECKS, UNIQUE_CHECKS=0 */;
/*!40014 SET @OLD_FOREIGN_KEY_CHECKS=@@FOREIGN_KEY_CHECKS, FOREIGN_KEY_CHECKS=0 */;
/*!40101 SET @OLD_SQL_MODE=@@SQL_MODE, SQL_MODE='NO_AUTO_VALUE_ON_ZERO' */;
/*!40111 SET @OLD_SQL_NOTES=@@SQL_NOTES, SQL_NOTES=0 */;

--
-- Table structure for table `balance_check`
--

DROP TABLE IF EXISTS `balance_check`;
/*!40101 SET @saved_cs_client     = @@character_set_client */;
/*!40101 SET character_set_client = utf8 */;
CREATE TABLE `balance_check` (
  `id` int(11) NOT NULL AUTO_INCREMENT,
  `date` date DEFAULT NULL,
  `consider` int(11) NOT NULL,
  `realmoney` int(11) DEFAULT NULL,
  `diff` int(11) NOT NULL,
  PRIMARY KEY (`id`),
  UNIQUE KEY `date` (`date`)
) ENGINE=InnoDB AUTO_INCREMENT=100 DEFAULT CHARSET=utf8;
/*!40101 SET character_set_client = @saved_cs_client */;

--
-- Dumping data for table `balance_check`
--

LOCK TABLES `balance_check` WRITE;
/*!40000 ALTER TABLE `balance_check` DISABLE KEYS */;
INSERT INTO `balance_check` VALUES (1,'2013-12-31',15114,15114,0),(3,'2014-01-31',18728,12605,-6123),(4,'2014-02-28',27432,28089,657),(5,'2014-03-31',35423,35020,-403),(6,'2014-04-01',35060,34045,-1015),(7,'2014-04-06',38797,37871,-926),(8,'2014-04-13',39135,38283,-852),(9,'2014-04-20',40408,39625,-783),(10,'2014-04-27',41603,40897,-706),(11,'2014-04-30',41789,41086,-703),(12,'2014-05-06',42078,42079,1),(13,'2014-05-11',44710,44730,20),(14,'2014-05-15',44605,44653,48),(15,'2014-05-19',50565,50586,21),(16,'2014-05-23',48686,48703,17),(17,'2014-05-27',47895,47910,15),(18,'2014-05-31',92983,93015,32),(19,'2014-06-02',93595,93595,0),(20,'2014-06-05',104096,104093,-3),(21,'2014-06-11',104302,104215,-87),(22,'2014-06-16',103891,103809,-82),(23,'2014-06-19',102548,102453,-95),(24,'2014-06-25',89680,89573,-107),(25,'2014-06-27',89463,89383,-80),(26,'2014-06-30',89565,89479,-86),(27,'2014-07-01',89659,89659,0),(28,'2014-07-03',88020,88036,16),(29,'2014-07-05',94257,94265,8),(30,'2014-07-09',94093,94100,7),(31,'2014-07-11',37875,37883,8),(32,'2014-07-16',36751,36731,-20),(33,'2014-07-19',43191,43193,2),(34,'2014-07-25',39860,39862,2),(35,'2014-07-27',38483,38487,4),(36,'2014-07-31',39428,39442,14),(37,'2014-08-04',36624,36623,-1),(38,'2014-08-06',52453,52463,10),(39,'2014-08-09',43281,43286,5),(40,'2014-08-13',45973,45966,-7),(41,'2014-08-15',46988,46981,-7),(42,'2014-08-18',7744,7740,-4),(43,'2014-08-20',13088,13089,1),(44,'2014-08-22',10925,10931,6),(45,'2014-08-25',9053,9059,6),(46,'2014-08-28',7887,7888,1),(47,'2014-08-29',5907,5911,4),(48,'2014-08-31',4807,4811,4),(49,'2014-09-07',4733,4745,12),(50,'2014-09-08',5106,5113,7),(51,'2014-09-10',4241,4251,10),(52,'2014-09-11',46509,46519,10),(53,'2014-09-13',44584,44557,-27),(54,'2014-09-15',44229,44203,-26),(55,'2014-09-17',19883,19868,-15),(56,'2014-09-19',20243,20206,-37),(57,'2014-09-22',18759,18723,-36),(58,'2014-09-26',18156,18163,7),(59,'2014-09-30',13818,13827,9),(60,'2014-10-03',27073,27073,0),(61,'2014-10-04',24750,24750,0),(62,'2014-10-07',22781,22781,0),(63,'2014-10-08',28159,28159,0),(64,'2014-10-10',27680,27677,-3),(65,'2014-10-13',20971,20981,10),(66,'2014-10-15',21422,21428,6),(67,'2014-10-17',19764,19770,6),(68,'2014-10-21',26800,26806,6),(69,'2014-10-24',26544,26558,14),(70,'2014-10-25',22965,22981,16),(71,'2014-10-29',23645,23656,11),(72,'2014-10-31',38642,38644,2),(73,'2014-11-01',37620,37620,0),(74,'2014-11-04',37018,37018,0),(75,'2014-11-05',38155,38168,13),(76,'2014-11-08',24289,24286,-3),(77,'2014-11-10',22136,22133,-3),(78,'2014-11-14',23746,23748,2),(79,'2014-11-17',19608,19610,2),(80,'2014-11-19',21503,21506,3),(81,'2014-11-21',23423,23426,3),(82,'2014-11-22',21966,21972,6),(83,'2014-11-25',20899,20907,8),(84,'2014-11-28',16126,16138,12),(85,'2014-11-30',22531,22543,12),(86,'2014-12-02',20624,20630,6),(87,'2014-12-05',40620,40624,4),(88,'2014-12-06',37342,37346,4),(89,'2014-12-09',36359,36357,-2),(90,'2014-12-12',33882,33883,1),(91,'2014-12-14',31023,31022,-1),(92,'2014-12-18',24263,24264,1),(93,'2014-12-22',30902,30900,-2),(94,'2014-12-26',56756,56751,-5),(95,'2014-12-29',56145,56134,-11),(96,'2014-12-31',54869,54860,-9),(97,'2015-01-05',54901,54906,5),(98,'2015-01-09',55744,55749,5),(99,'2015-01-10',54497,54502,5);
/*!40000 ALTER TABLE `balance_check` ENABLE KEYS */;
UNLOCK TABLES;

--
-- Table structure for table `cardcheck`
--

DROP TABLE IF EXISTS `cardcheck`;
/*!40101 SET @saved_cs_client     = @@character_set_client */;
/*!40101 SET character_set_client = utf8 */;
CREATE TABLE `cardcheck` (
  `id` int(11) NOT NULL AUTO_INCREMENT,
  `time` timestamp NOT NULL DEFAULT CURRENT_TIMESTAMP,
  `sum` int(11) NOT NULL,
  `day_count` int(11) DEFAULT NULL,
  `diff` int(11) DEFAULT NULL,
  `cardid` int(11) NOT NULL,
  PRIMARY KEY (`id`),
  KEY `fk_cardid_idx` (`cardid`)
) ENGINE=InnoDB DEFAULT CHARSET=utf8;
/*!40101 SET character_set_client = @saved_cs_client */;

--
-- Dumping data for table `cardcheck`
--

LOCK TABLES `cardcheck` WRITE;
/*!40000 ALTER TABLE `cardcheck` DISABLE KEYS */;
/*!40000 ALTER TABLE `cardcheck` ENABLE KEYS */;
UNLOCK TABLES;

--
-- Table structure for table `category`
--

DROP TABLE IF EXISTS `category`;
/*!40101 SET @saved_cs_client     = @@character_set_client */;
/*!40101 SET character_set_client = utf8 */;
CREATE TABLE `category` (
  `id` int(11) NOT NULL AUTO_INCREMENT,
  `name` varchar(45) NOT NULL,
  PRIMARY KEY (`id`)
) ENGINE=InnoDB AUTO_INCREMENT=7 DEFAULT CHARSET=utf8;
/*!40101 SET character_set_client = @saved_cs_client */;

--
-- Dumping data for table `category`
--

LOCK TABLES `category` WRITE;
/*!40000 ALTER TABLE `category` DISABLE KEYS */;
INSERT INTO `category` VALUES (1,'Без категории'),(2,'Мама'),(3,'Ежемесячные расходы'),(4,'Кафе'),(5,'Столовая'),(6,'Доход');
/*!40000 ALTER TABLE `category` ENABLE KEYS */;
UNLOCK TABLES;

--
-- Table structure for table `daynote`
--

DROP TABLE IF EXISTS `daynote`;
/*!40101 SET @saved_cs_client     = @@character_set_client */;
/*!40101 SET character_set_client = utf8 */;
CREATE TABLE `daynote` (
  `id` int(11) NOT NULL AUTO_INCREMENT,
  `date` date DEFAULT NULL,
  `text` text,
  PRIMARY KEY (`id`)
) ENGINE=InnoDB DEFAULT CHARSET=utf8;
/*!40101 SET character_set_client = @saved_cs_client */;

--
-- Dumping data for table `daynote`
--

LOCK TABLES `daynote` WRITE;
/*!40000 ALTER TABLE `daynote` DISABLE KEYS */;
/*!40000 ALTER TABLE `daynote` ENABLE KEYS */;
UNLOCK TABLES;

--
-- Table structure for table `dbx_download`
--

DROP TABLE IF EXISTS `dbx_download`;
/*!40101 SET @saved_cs_client     = @@character_set_client */;
/*!40101 SET character_set_client = utf8 */;
CREATE TABLE `dbx_download` (
  `id` int(11) NOT NULL AUTO_INCREMENT,
  `fname` varchar(7) NOT NULL,
  `downloadtime` datetime NOT NULL,
  `in_db` tinyint(4) NOT NULL DEFAULT '0',
  PRIMARY KEY (`id`),
  UNIQUE KEY `fname` (`fname`)
) ENGINE=InnoDB AUTO_INCREMENT=16 DEFAULT CHARSET=utf8;
/*!40101 SET character_set_client = @saved_cs_client */;

--
-- Dumping data for table `dbx_download`
--

LOCK TABLES `dbx_download` WRITE;
/*!40000 ALTER TABLE `dbx_download` DISABLE KEYS */;
INSERT INTO `dbx_download` VALUES (3,'2014.01','2015-01-06 11:21:20',0),(4,'2014.02','2015-01-06 11:23:38',0),(5,'2014.03','2015-01-06 11:29:25',0),(6,'2014.04','2015-01-12 18:29:42',0),(7,'2014.05','2015-01-06 11:47:30',0),(8,'2014.06','2015-01-06 11:50:43',0),(9,'2014.07','2015-01-17 19:38:39',0),(10,'2014.08','2015-01-06 11:57:33',0),(11,'2014.09','2015-01-06 12:02:37',0),(12,'2014.10','2015-01-06 12:05:05',0),(13,'2014.11','2015-01-06 12:07:52',0),(14,'2014.12','2015-01-06 12:09:23',0),(15,'2015.01','2015-01-13 20:32:41',0);
/*!40000 ALTER TABLE `dbx_download` ENABLE KEYS */;
UNLOCK TABLES;

--
-- Table structure for table `item`
--

DROP TABLE IF EXISTS `item`;
/*!40101 SET @saved_cs_client     = @@character_set_client */;
/*!40101 SET character_set_client = utf8 */;
CREATE TABLE `item` (
  `id` int(11) NOT NULL AUTO_INCREMENT,
  `name` varchar(55) NOT NULL,
  `categoryid` int(11) DEFAULT '1',
  PRIMARY KEY (`id`),
  UNIQUE KEY `item_name_unique` (`name`),
  KEY `fk_categoryid_idx` (`categoryid`),
  CONSTRAINT `fk_categoryid_item` FOREIGN KEY (`categoryid`) REFERENCES `category` (`id`) ON DELETE CASCADE ON UPDATE CASCADE
) ENGINE=InnoDB AUTO_INCREMENT=418 DEFAULT CHARSET=utf8;
/*!40101 SET character_set_client = @saved_cs_client */;

--
-- Dumping data for table `item`
--

LOCK TABLES `item` WRITE;
/*!40000 ALTER TABLE `item` DISABLE KEYS */;
INSERT INTO `item` VALUES (1,'Мама (PM)',1),(2,'сиги',1),(3,'кафе',1),(4,'хавка',1),(5,'бенз',1),(6,'хлеб',1),(7,'Федян',1),(8,'такси',1),(9,'Мак',1),(10,'КафеЗавтра',1),(11,'CrazyDaizy',1),(12,'мастерхост  3 месяца',1),(13,'iPad',1),(14,'вода',1),(15,'Ученики',1),(16,'Моб',1),(17,'агенство недвижимости',1),(18,'Мобила',1),(19,'Универ',1),(20,'аптека',1),(21,'еда',1),(22,'алко',1),(23,'ДТП с маздой',1),(24,'проезд',1),(25,'жига',1),(26,'бургеркинг',1),(27,'рамка на номера',1),(28,'поводок на ВАЗ 2115',1),(29,'зубы',1),(30,'метро',1),(31,'чай',1),(32,'Пати в Общаге',1),(33,'саб',1),(34,'поездки',1),(35,'стрижка',1),(36,'бухло в Меге',1),(37,'джинсы',1),(38,'футболка',1),(39,'нижнеебельё',1),(40,'воппер',1),(41,'бабушке',1),(42,'расходники для Ваз2115',1),(43,'радиатор',1),(44,'ремонт',1),(45,'Корректировка',1),(46,'Проезд(татИметр)',1),(47,'с Аней',1),(48,'проезд на автобус',1),(49,'с Аней )',1),(50,'долг Владу',1),(51,'Щупы',1),(52,'Сход/развал',1),(53,'Кружка',1),(54,'Яхрома(горные лыжи)',1),(55,'степендия',1),(56,'бабушка',1),(57,'НаталВладимир за 2ф(серSбелM)',1),(58,'смс банкинг',1),(59,'Миша на бенз за переезд',1),(60,'марс',1),(61,'футболка РХТУ белая L',1),(62,'защелки зад сидения',1),(63,'сабвей',1),(64,'футболка РХТУ серая S',1),(65,'Федян Авито',1),(66,'пиво',1),(67,'автопрятки',1),(68,'мобильный',1),(69,'с Катей',1),(70,'куртка',1),(71,'aux',1),(72,'ключи',1),(73,'машина',1),(74,'морож',1),(75,'салфетки',1),(76,'приборка',1),(77,'букет бабушке',1),(78,'телефон',1),(79,'обслуж карты',1),(80,'прикурил беху',1),(81,'ремонт тачки',1),(82,'киткат',1),(83,'насте50р',1),(84,'ростикс',1),(85,'эвакуатор',1),(86,'моб банкинг',1),(87,'седьмой континент',1),(88,'kitkat',1),(89,'проездной',1),(90,'телеф',1),(91,'проезд.',1),(92,'якитория',1),(93,'липтон',1),(94,'менза',1),(95,'твикс',1),(96,'маршрутка',1),(97,'ситник',1),(98,'книг',1),(99,'кофт',1),(100,'носк',1),(101,'маонез',1),(102,'майонез',1),(103,'щетка',1),(104,'япоша',1),(105,'паяльник',1),(106,'кола',1),(107,'клемы',1),(108,'доп по автошколе',1),(109,'KFC',1),(110,'bassland',1),(111,'чайник бабушке',1),(112,'Полине мобила',1),(113,'хотдог',1),(114,'дротики',1),(115,'гажиглка',1),(116,'моб. банкинг',1),(117,'б.ланч',1),(118,'виски',1),(119,'nestea',1),(120,'кофта',1),(121,'бургер',1),(122,'пепси',1),(123,'subway',1),(124,'зарядка акум.',1),(125,'ашан',1),(126,'музыканту',1),(127,'седьм. конт.',1),(128,'паяльная кислота',1),(129,'проездной на метро',1),(130,'Вано',1),(131,'Вано отдал',1),(132,'тройка',1),(133,'инет',1),(134,'мак с сестрой',1),(135,'кто-то забрал',1),(136,'йогурт',1),(137,'nastea',1),(138,'продукты',1),(139,'магаз',1),(140,'тодасе',1),(141,'лекарство Эвкалипт',1),(142,'кофе',1),(143,'Анвимакс',1),(144,'терафлю',1),(145,'спб',1),(146,'мороженное',1),(147,'автобус',1),(148,'мршр',1),(149,'спрвк',1),(150,'ВИЧ',1),(151,'мрш',1),(152,'стрижк',1),(153,'мрж',1),(154,'Яна',1),(155,'маршр',1),(156,'фото',1),(157,'анализы',1),(158,'Вано пиво',1),(159,'ремонт двигателя',1),(160,'Яна занял',1),(161,'Тануки',1),(162,'подрк',1),(163,'Вино',1),(164,'каплиВнос',1),(165,'продал ВАЗ 2115',1),(166,'долгВано',1),(167,'killfish',1),(168,'ПослДеньг',1),(169,'с Дашей',1),(170,'сумка',1),(171,'очки',1),(172,'колобкову',1),(173,'пицца на раб',1),(174,'с Яной',1),(175,'техас чикен',1),(176,'мороженое',1),(177,'паспорт',1),(178,'моб.банк',1),(179,'RepetitorMap',1),(180,'masterhost',1),(181,'с Яной(кино)',1),(182,'5 дней',1),(183,'зуб. щетка',1),(184,'аванс',1),(185,'выпускной',1),(186,'с Яной(пг магаз коньяк)',1),(187,'iphone 5C 32GB',1),(188,'кто-то на тел',1),(189,'тодасе(др федоса)',1),(190,'коммисия сбербанка',1),(191,'жвачк',1),(192,'подарок Диме',1),(193,'входВCrazy',1),(194,'б52',1),(195,'маме подарок',1),(196,'5дней',1),(197,'клубника',1),(198,'MTI',1),(199,'проезнойТАТ',1),(200,'проезнойМетро',1),(201,'маме',1),(202,'чехол маме',1),(203,'чехол мне',1),(204,'бритва',1),(205,'зарплата MTI',1),(206,'milkiway',1),(207,'футб',1),(208,'vanish',1),(209,'трусы',1),(210,'шорты',1),(211,'носки',1),(212,'ботинки',1),(213,'суши',1),(214,'ростикс с Яной',1),(215,'5дн',1),(216,'стелька',1),(217,'сандали',1),(218,'парикмахерская',1),(219,'кому-то на работе',1),(220,'машина(toyota)',1),(221,'аванс MTI',1),(222,'тодасёВано',1),(223,'крошКарт',1),(224,'таски',1),(225,'загран паспорт',1),(226,'симка',1),(227,'подарок Антону',1),(228,'регистрация авто',1),(229,'Ване бенз',1),(230,'регистрация toyota vista',1),(231,'коньяк',1),(232,'мороженое бабушке',1),(233,'проездной тат',1),(234,'забиту',1),(235,'сестра',1),(236,'забит',1),(237,'ФедеЗанял',1),(238,'рюмки',1),(239,'пена для бритья',1),(240,'sub',1),(241,'chesterfield',1),(242,'glowSubs',1),(243,'toyotavista(замена двигателя)',1),(244,'рубашка',1),(245,'toyota(двигатель)',1),(246,'ЗанялВано',1),(247,'за бенз до Клина',1),(248,'наСвадьбе',1),(249,'ТёмеЗаChesterfield',1),(250,'СвадьбаДрона',1),(251,'Федя(спор)',1),(252,'электричка',1),(253,'занял федяну',1),(254,'торт бабушке',1),(255,'продал samsung S2',1),(256,'lider',1),(257,'onlime',1),(258,'Сергей',1),(259,'интернет',1),(260,'ильпатио',1),(261,'ВАЗ2115',1),(262,'мобильный банкинг',1),(263,'подарок Артему',1),(264,'стойки Toyota Vista',1),(265,'Феде(подарок Антону и заМальчишник)',1),(266,'страховка Ваз 21150',1),(267,'менту',1),(268,'пошлина за регистрацию',1),(269,'мак с Юлей',1),(270,'ежедневник',1),(271,'подарок сотруднице',1),(272,'мобильник',1),(273,'СделалКолесоВАЗ',1),(274,'ПродуктыДача',1),(275,'на магазин',1),(276,'Федя',1),(277,'магазин',1),(278,'пиво с Владом',1),(279,'наушники',1),(280,'шорты и футболка',1),(281,'часы',1),(282,'табак',1),(283,'алкозел и 5дн',1),(284,'пицца',1),(285,'сувениры и официантам на чай',1),(286,'шиномонтаж',1),(287,'Вано за турцию',1),(288,'проезной',1),(289,'проезд на метро',1),(290,'проезд на ТАТ',1),(291,'РусланВАЗ2115(долг)',1),(292,'сбаро',1),(293,'на свадьбу Саши и Елисея',1),(294,'антифриз',1),(295,'масл и антифриз и зуб. Щетка',1),(296,'тетрадь',1),(297,'саша',1),(298,'сбаро с Димой',1),(299,'моб.банкинг',1),(300,'лекарства',1),(301,'покупка iPad',1),(302,'стекло',1),(303,'сестраНаЧехол',1),(304,'аптека(антибиотик)',1),(305,'спирт для кампресса',1),(306,'аптекаМезим',1),(307,'турциявсё',1),(308,'с Кристиной',1),(309,'SSD для дома',1),(310,'на подарки',1),(311,'сестре на салат',1),(312,'на карту Тройка',1),(313,'проездной на мерто',1),(314,'цветы',1),(315,'коммисияСбербанка',1),(316,'жвачка',1),(317,'планшет',1),(318,'дирол',1),(319,'с Кристной',1),(320,'Наталья Владимировна',1),(321,'торт',1),(322,'краска и лак и грунтовка',1),(323,'незамерзайка',1),(324,'3билета25/17',1),(325,'на лечение зуба',1),(326,'зведочка',1),(327,'удаление зуба',1),(328,'перекрёсток',1),(329,'шины с установкой',1),(330,'Женя',1),(331,'шоколадки',1),(332,'парихмахерская',1),(333,'билеты на Centr',1),(334,'куртка и шапка',1),(335,'шапка',1),(336,'бухло',1),(337,'Саше на подарок',1),(338,'салфетки и лимон',1),(339,'муму',1),(340,'сырок',1),(341,'кино',1),(342,'добавка на подарок Саше',1),(343,'билеты на skillet',1),(344,'холодец бабушке',1),(345,'пронто',1),(346,'авито репетитор',1),(347,'мак с кристи',1),(348,'пикник',1),(349,'медсправка в ГАИ',1),(350,'dextron для ГУР',1),(351,'психоневролог диспансер',1),(352,'на проездной',1),(353,'проез на метро',1),(354,'псих диспансер',1),(355,'мойка авто',1),(356,'кино с Кристиной',1),(357,'за билеты',1),(358,'еда в ашане',1),(359,'Взятка за права',1),(360,'днибудущ',1),(361,'kinder',1),(362,'каметон и антимакс',1),(363,'ацилокаксинум',1),(364,'гексорал табс',1),(365,'подарок Ане(на работе)',1),(366,'Ингалипт',1),(367,'kilfish',1),(368,'Колян',1),(369,'на продукты',1),(370,'продукты домой и бабушке',1),(371,'мобильный банк',1),(372,'справка по физре',1),(373,'продукты домой',1),(374,'на ДР',1),(375,'за права',1),(376,'сырки',1),(377,'дикси',1),(378,'др у Сани Гаврилина',1),(379,'мойка',1),(380,'зажигалка',1),(381,'леденцы',1),(382,'мишка Кристюше',1),(383,'отдал Владу долг',1),(384,'купоны',1),(385,'с Владом',1),(386,'кино с Кристи',1),(387,'ЕлисеюЗаПиццу',1),(388,'на бумажник',1),(389,'купонЯпоша',1),(390,'бумажник',1),(391,'подарокВике',1),(392,'прихолог (Котлов)',1),(393,'Миша на такси',1),(394,'сМишейвино',1),(395,'психолог (Сергей)',1),(396,'il mia кафе',1),(397,'щетка для машины от снега',1),(398,'пошлина за права',1),(399,'видеокарта',1),(400,'подарок Олегу(скидывались)',1),(401,'распечатка фото',1),(402,'распечатка купонов',1),(403,'подарок колобкову',1),(404,'подарок Олегу Ковалеко',1),(405,'MTI аванс',1),(406,'одолжил Федосу',1),(407,'Стас сдача с Колобка',1),(408,'кружка с Вано',1),(409,'печать в бауманке',1),(410,'ремонт печки toyota vista',1),(411,'отдал долг Федян',1),(412,'шампанское на нг',1),(413,'техас chicken',1),(414,'подарк Кристине',1),(415,'ясмин караоке',1),(416,'тат',1),(417,'занял Вано',1);
/*!40000 ALTER TABLE `item` ENABLE KEYS */;
UNLOCK TABLES;

--
-- Table structure for table `record`
--

DROP TABLE IF EXISTS `record`;
/*!40101 SET @saved_cs_client     = @@character_set_client */;
/*!40101 SET character_set_client = utf8 */;
CREATE TABLE `record` (
  `id` int(11) NOT NULL AUTO_INCREMENT,
  `sum` int(11) DEFAULT NULL,
  `date` date DEFAULT NULL,
  `itemid` int(11) NOT NULL,
  `tcategory` int(11) NOT NULL,
  PRIMARY KEY (`id`),
  KEY `fk_itemid_idx` (`itemid`),
  KEY `fk_tcategory_record` (`tcategory`),
  CONSTRAINT `fk_itemid_record` FOREIGN KEY (`itemid`) REFERENCES `item` (`id`) ON UPDATE CASCADE,
  CONSTRAINT `fk_tcategory_record` FOREIGN KEY (`tcategory`) REFERENCES `transaction_category` (`id`)
) ENGINE=InnoDB AUTO_INCREMENT=1357 DEFAULT CHARSET=utf8;
/*!40101 SET character_set_client = @saved_cs_client */;

--
-- Dumping data for table `record`
--

LOCK TABLES `record` WRITE;
/*!40000 ALTER TABLE `record` DISABLE KEYS */;
INSERT INTO `record` VALUES (1,2000,'2014-01-01',1,3),(2,-86,'2014-01-01',2,12),(3,200,'2014-01-02',1,3),(4,-140,'2014-01-02',3,12),(5,-60,'2014-01-02',2,12),(6,-200,'2014-01-02',4,12),(7,-250,'2014-01-03',5,8),(8,-22,'2014-01-03',6,13),(9,1500,'2014-01-04',7,5),(10,200,'2014-01-04',8,5),(11,-100,'2014-01-04',3,12),(12,-130,'2014-01-04',9,12),(13,-86,'2014-01-04',2,12),(14,-150,'2014-01-04',10,12),(15,-50,'2014-01-04',9,12),(16,-1100,'2014-01-04',11,12),(17,-750,'2014-01-05',12,13),(18,-300,'2014-01-06',5,8),(19,-100,'2014-01-06',13,12),(20,-86,'2014-01-06',2,12),(21,-14,'2014-01-06',14,12),(22,200,'2014-01-09',1,3),(23,1200,'2014-01-10',15,4),(24,-100,'2014-01-10',18,10),(25,-86,'2014-01-10',2,12),(26,-8500,'2014-01-11',17,13),(27,1000,'2014-01-12',15,4),(28,-200,'2014-01-12',5,8),(29,100,'2014-01-13',13,2),(30,1100,'2014-01-13',15,4),(31,-100,'2014-01-13',13,12),(32,200,'2014-01-14',18,2),(33,-200,'2014-01-14',18,10),(34,-86,'2014-01-14',2,12),(35,-164,'2014-01-14',9,12),(36,1200,'2014-01-16',15,4),(37,-183,'2014-01-16',19,6),(38,-200,'2014-01-16',5,8),(39,-150,'2014-01-16',20,13),(40,2000,'2014-01-17',1,3),(41,-191,'2014-01-17',19,6),(42,-200,'2014-01-17',5,8),(43,-200,'2014-01-17',21,12),(44,-200,'2014-01-17',22,12),(45,-2000,'2014-01-17',23,13),(46,-20,'2014-01-18',24,12),(47,2200,'2014-01-19',15,4),(48,-20,'2014-01-20',25,12),(49,-170,'2014-01-20',26,12),(50,-63,'2014-01-20',27,13),(51,100,'2014-01-21',18,2),(52,-170,'2014-01-21',19,6),(53,-300,'2014-01-21',5,8),(54,-100,'2014-01-21',18,10),(55,-80,'2014-01-21',2,12),(56,-190,'2014-01-21',28,13),(57,100,'2014-01-22',13,2),(58,-150,'2014-01-22',19,6),(59,-100,'2014-01-22',13,12),(60,7110,'2014-01-23',29,2),(61,100,'2014-01-23',18,2),(62,190,'2014-01-23',1,3),(63,2300,'2014-01-23',15,4),(64,-100,'2014-01-23',18,10),(65,-50,'2014-01-23',30,12),(66,-28,'2014-01-23',31,12),(67,-450,'2014-01-23',32,12),(68,1200,'2014-01-24',15,4),(69,-100,'2014-01-24',2,12),(70,-100,'2014-01-24',9,12),(71,2200,'2014-01-26',15,4),(72,1100,'2014-01-27',15,4),(73,-86,'2014-01-27',2,12),(74,-110,'2014-01-27',33,12),(75,-60,'2014-01-27',34,13),(76,500,'2014-01-28',35,2),(77,500,'2014-01-28',1,3),(78,-175,'2014-01-28',19,6),(79,-150,'2014-01-28',33,12),(80,-360,'2014-01-28',36,12),(81,-500,'2014-01-28',35,13),(82,-135,'2014-01-28',34,13),(83,-2000,'2014-01-28',37,13),(84,-150,'2014-01-28',38,13),(85,-500,'2014-01-28',39,13),(86,1100,'2014-01-29',15,4),(87,100,'2014-01-30',18,2),(88,500,'2014-01-30',1,3),(89,-300,'2014-01-30',5,8),(90,-100,'2014-01-30',18,10),(91,-110,'2014-01-30',40,12),(92,-195,'2014-01-30',41,12),(93,-1070,'2014-01-30',42,13),(94,880,'2014-01-31',1,3),(95,-200,'2014-01-31',5,8),(96,-1490,'2014-01-31',43,13),(97,-1200,'2014-01-31',44,13),(98,-6123,'2014-01-31',45,14),(99,630,'2014-02-01',46,2),(100,-286,'2014-02-01',47,12),(101,-86,'2014-02-01',2,12),(102,-230,'2014-02-01',48,13),(103,2200,'2014-02-02',15,4),(104,1100,'2014-02-03',15,4),(105,-285,'2014-02-03',49,12),(106,-200,'2014-02-04',26,12),(107,-500,'2014-02-04',50,13),(108,400,'2014-02-05',1,3),(109,2300,'2014-02-05',15,4),(110,-200,'2014-02-05',5,8),(111,200,'2014-02-06',8,5),(112,-100,'2014-02-06',51,12),(113,-86,'2014-02-06',2,12),(114,-1500,'2014-02-06',52,13),(115,-200,'2014-02-07',5,8),(116,-88,'2014-02-08',19,6),(117,-500,'2014-02-08',53,12),(118,2200,'2014-02-09',15,4),(119,-86,'2014-02-09',2,12),(120,-150,'2014-02-10',5,8),(121,-100,'2014-02-10',18,10),(122,-1200,'2014-02-10',54,12),(123,-50,'2014-02-10',13,12),(124,-80,'2014-02-11',19,6),(125,3000,'2014-02-12',1,3),(126,2156,'2014-02-12',55,5),(127,-30,'2014-02-12',19,6),(128,100,'2014-02-13',18,2),(129,100,'2014-02-13',1,3),(130,-65,'2014-02-13',19,6),(131,-100,'2014-02-13',18,10),(132,-76,'2014-02-13',2,12),(133,100,'2014-02-14',8,5),(134,-70,'2014-02-14',19,6),(135,-90,'2014-02-14',2,12),(136,-200,'2014-02-15',5,8),(137,-90,'2014-02-15',2,12),(138,1200,'2014-02-16',15,4),(139,-111,'2014-02-16',56,12),(140,1100,'2014-02-17',15,4),(141,1000,'2014-02-17',57,5),(142,-185,'2014-02-17',19,6),(143,-200,'2014-02-17',5,8),(144,-30,'2014-02-17',14,12),(145,-86,'2014-02-17',2,12),(146,-60,'2014-02-17',58,13),(147,1000,'2014-02-18',15,4),(148,500,'2014-02-18',59,5),(149,-300,'2014-02-18',5,8),(150,-8,'2014-02-18',25,12),(151,1000,'2014-02-19',1,3),(152,-169,'2014-02-19',19,6),(153,-15,'2014-02-19',18,10),(154,-33,'2014-02-19',60,13),(155,100,'2014-02-20',18,2),(156,-100,'2014-02-20',18,10),(157,-300,'2014-02-20',9,12),(158,-50,'2014-02-20',34,13),(159,1100,'2014-02-21',15,4),(160,500,'2014-02-21',61,5),(161,-86,'2014-02-21',2,12),(162,-160,'2014-02-21',62,13),(163,-75,'2014-02-22',19,6),(164,1200,'2014-02-23',15,4),(165,-200,'2014-02-23',5,8),(166,1100,'2014-02-24',15,4),(167,-158,'2014-02-24',63,12),(168,-80,'2014-02-24',24,13),(169,100,'2014-02-25',18,2),(170,500,'2014-02-25',64,5),(171,-100,'2014-02-25',19,6),(172,-100,'2014-02-25',18,10),(173,-107,'2014-02-25',65,13),(174,-133,'2014-02-26',19,6),(175,-86,'2014-02-26',2,12),(176,107,'2014-02-27',65,5),(177,-150,'2014-02-27',19,6),(178,-200,'2014-02-27',5,8),(179,-150,'2014-02-28',19,6),(180,-86,'2014-02-28',2,12),(181,657,'2014-02-28',45,14),(182,200,'2014-03-01',1,3),(183,-100,'2014-03-01',19,6),(184,-300,'2014-03-01',5,8),(185,-38,'2014-03-01',18,10),(186,-80,'2014-03-01',66,12),(187,-120,'2014-03-01',67,12),(188,-39,'2014-03-01',13,12),(189,1150,'2014-03-02',15,4),(190,138,'2014-03-03',68,2),(191,1100,'2014-03-03',15,4),(192,-138,'2014-03-03',18,10),(193,2000,'2014-03-04',1,3),(194,1000,'2014-03-04',15,4),(195,-250,'2014-03-04',19,6),(196,1100,'2014-03-05',15,4),(197,-85,'2014-03-05',19,6),(198,-300,'2014-03-05',5,8),(199,-395,'2014-03-06',69,12),(200,-2500,'2014-03-06',70,13),(201,-52,'2014-03-06',71,13),(202,-200,'2014-03-06',72,13),(203,2500,'2014-03-07',70,2),(204,1000,'2014-03-07',73,2),(205,300,'2014-03-07',8,5),(206,-60,'2014-03-07',19,6),(207,-300,'2014-03-07',5,8),(208,-130,'2014-03-07',9,12),(209,-40,'2014-03-08',74,12),(210,-23,'2014-03-08',75,12),(211,-600,'2014-03-08',76,13),(212,-564,'2014-03-08',77,13),(213,200,'2014-03-09',78,2),(214,1500,'2014-03-09',15,4),(215,100,'2014-03-09',8,5),(216,-400,'2014-03-09',5,8),(217,-200,'2014-03-09',18,10),(218,-90,'2014-03-09',2,12),(219,-484,'2014-03-09',69,12),(220,50,'2014-03-10',78,2),(221,-50,'2014-03-10',18,10),(222,-150,'2014-03-10',79,13),(223,100,'2014-03-11',80,5),(224,-160,'2014-03-11',19,6),(225,-400,'2014-03-11',81,13),(226,1100,'2014-03-12',15,4),(227,2254,'2014-03-12',55,5),(228,-50,'2014-03-12',19,6),(229,200,'2014-03-13',8,5),(230,-130,'2014-03-13',19,6),(231,-300,'2014-03-13',5,8),(232,-100,'2014-03-13',18,10),(233,2000,'2014-03-15',1,3),(234,-50,'2014-03-15',19,6),(235,-50,'2014-03-15',21,12),(236,-20,'2014-03-15',13,12),(237,2000,'2014-03-16',15,4),(238,-400,'2014-03-16',5,8),(239,-30,'2014-03-16',82,12),(240,-50,'2014-03-16',83,12),(241,1100,'2014-03-17',15,4),(242,-85,'2014-03-17',19,6),(243,-140,'2014-03-17',18,10),(244,-300,'2014-03-17',84,12),(245,-6160,'2014-03-17',85,13),(246,-60,'2014-03-17',86,13),(247,1100,'2014-03-19',15,4),(248,-80,'2014-03-19',19,6),(249,-13,'2014-03-19',13,12),(250,-260,'2014-03-19',87,13),(251,350,'2014-03-20',1,3),(252,-267,'2014-03-20',19,6),(253,-30,'2014-03-20',88,12),(254,-50,'2014-03-20',89,13),(255,-198,'2014-03-21',19,6),(256,-50,'2014-03-21',90,13),(257,-25,'2014-03-21',91,13),(258,-55,'2014-03-22',19,6),(259,1200,'2014-03-23',1,3),(260,-400,'2014-03-23',5,8),(261,-30,'2014-03-23',18,10),(262,-241,'2014-03-23',92,12),(263,-108,'2014-03-23',33,12),(264,-12,'2014-03-23',13,12),(265,-200,'2014-03-24',19,6),(266,-20,'2014-03-24',18,10),(267,1000,'2014-03-25',1,3),(268,-85,'2014-03-25',2,12),(269,-165,'2014-03-25',92,12),(270,-108,'2014-03-25',33,12),(271,2500,'2014-03-26',1,3),(272,-178,'2014-03-26',19,6),(273,-100,'2014-03-27',19,6),(274,-20,'2014-03-27',18,10),(275,-130,'2014-03-27',9,12),(276,100,'2014-03-28',78,2),(277,-40,'2014-03-28',19,6),(278,-300,'2014-03-28',5,8),(279,-100,'2014-03-28',18,10),(280,-95,'2014-03-28',2,12),(281,-150,'2014-03-29',19,6),(282,-50,'2014-03-29',93,12),(283,-85,'2014-03-29',94,12),(284,1200,'2014-03-30',15,4),(285,-122,'2014-03-30',3,12),(286,-30,'2014-03-30',95,12),(287,-35,'2014-03-30',96,13),(288,-123,'2014-03-31',19,6),(289,-500,'2014-03-31',97,13),(290,-30,'2014-03-31',24,13),(291,-550,'2014-03-31',35,13),(292,-403,'2014-03-31',45,14),(293,2100,'2014-04-01',15,4),(294,-95,'2014-04-01',2,12),(295,-71,'2014-04-01',24,13),(296,-264,'2014-04-01',98,13),(297,-1490,'2014-04-01',99,13),(298,-140,'2014-04-01',100,13),(299,1100,'2014-04-02',15,4),(300,-100,'2014-04-02',92,12),(301,100,'2014-04-03',101,2),(302,-180,'2014-04-03',19,6),(303,-26,'2014-04-03',18,10),(304,-200,'2014-04-03',9,12),(305,-34,'2014-04-03',102,13),(306,-60,'2014-04-03',103,13),(307,-200,'2014-04-04',19,6),(308,-20,'2014-04-04',18,10),(309,-50,'2014-04-04',24,13),(310,2000,'2014-04-05',1,3),(311,-6,'2014-04-05',18,10),(312,-95,'2014-04-05',2,12),(313,-130,'2014-04-05',104,12),(314,-30,'2014-04-05',24,13),(315,-470,'2014-04-05',105,13),(316,2200,'2014-04-06',15,4),(317,-12,'2014-04-06',18,10),(318,-50,'2014-04-06',106,12),(319,100,'2014-04-07',18,2),(320,1000,'2014-04-07',1,3),(321,1100,'2014-04-07',15,4),(322,-190,'2014-04-07',19,6),(323,-100,'2014-04-07',18,10),(324,-77,'2014-04-07',2,12),(325,-50,'2014-04-07',24,13),(326,350,'2014-04-08',24,2),(327,-10,'2014-04-08',19,6),(328,-350,'2014-04-08',24,13),(329,1100,'2014-04-09',15,4),(330,2254,'2014-04-09',55,5),(331,-100,'2014-04-09',92,12),(332,-150,'2014-04-09',107,13),(333,-21,'2014-04-09',6,13),(334,-233,'2014-04-10',19,6),(335,-95,'2014-04-10',2,12),(336,-86,'2014-04-11',19,6),(337,-400,'2014-04-11',5,8),(338,-1070,'2014-04-11',108,13),(339,-50,'2014-04-12',19,6),(340,-100,'2014-04-12',18,10),(341,-95,'2014-04-12',2,12),(342,-200,'2014-04-12',109,12),(343,-1300,'2014-04-12',110,13),(344,100,'2014-04-13',1,3),(345,-100,'2014-04-13',2,12),(346,-889,'2014-04-13',111,13),(347,-105,'2014-04-14',19,6),(348,-100,'2014-04-14',92,12),(349,-100,'2014-04-14',112,13),(350,-80,'2014-04-15',19,6),(351,-95,'2014-04-15',2,12),(352,-120,'2014-04-15',113,12),(353,-150,'2014-04-15',114,13),(354,1100,'2014-04-16',15,4),(355,-190,'2014-04-16',19,6),(356,-400,'2014-04-16',5,8),(357,-50,'2014-04-16',18,10),(358,-86,'2014-04-16',2,12),(359,100,'2014-04-17',18,2),(360,3000,'2014-04-17',1,3),(361,-100,'2014-04-17',18,10),(362,-15,'2014-04-17',115,12),(363,-60,'2014-04-17',116,13),(364,-140,'2014-04-18',19,6),(365,200,'2014-04-19',13,2),(366,150,'2014-04-19',8,5),(367,-180,'2014-04-19',19,6),(368,-50,'2014-04-19',18,10),(369,-200,'2014-04-19',13,11),(370,-95,'2014-04-19',2,12),(371,-46,'2014-04-19',93,12),(372,-95,'2014-04-19',2,13),(373,-700,'2014-04-20',5,8),(374,-70,'2014-04-20',14,12),(375,-50,'2014-04-20',75,12),(376,-150,'2014-04-21',19,6),(377,100,'2014-04-22',18,2),(378,-69,'2014-04-22',19,6),(379,-100,'2014-04-22',18,10),(380,-200,'2014-04-22',53,12),(381,1100,'2014-04-23',15,4),(382,-300,'2014-04-23',117,12),(383,-86,'2014-04-23',2,12),(384,-80,'2014-04-24',19,6),(385,-162,'2014-04-25',19,6),(386,-85,'2014-04-25',9,12),(387,500,'2014-04-26',1,3),(388,-150,'2014-04-26',19,6),(389,-95,'2014-04-26',2,12),(390,-270,'2014-04-26',118,12),(391,-374,'2014-04-26',21,12),(392,2400,'2014-04-27',15,4),(393,-34,'2014-04-27',119,12),(394,-700,'2014-04-27',120,13),(395,-50,'2014-04-27',24,13),(396,2000,'2014-04-28',1,3),(397,-167,'2014-04-28',19,6),(398,-17,'2014-04-28',18,10),(399,-67,'2014-04-28',119,12),(400,-110,'2014-04-28',121,12),(401,-50,'2014-04-28',24,13),(402,2300,'2014-04-29',15,4),(403,-58,'2014-04-29',122,12),(404,-110,'2014-04-29',123,12),(405,-566,'2014-04-29',124,13),(406,-2499,'2014-04-29',37,13),(407,-17,'2014-04-30',18,10),(408,-53,'2014-04-30',125,12),(409,-400,'2014-04-30',3,12),(410,-703,'2014-04-30',45,14),(411,-20,'2014-05-01',18,10),(412,-10,'2014-05-01',126,12),(413,-192,'2014-05-01',127,13),(414,-20,'2014-05-03',18,10),(415,-26,'2014-05-03',88,12),(416,-37,'2014-05-03',74,12),(417,-300,'2014-05-04',5,8),(418,-10,'2014-05-04',18,10),(419,-130,'2014-05-04',9,12),(420,-57,'2014-05-04',128,13),(421,1200,'2014-05-05',15,4),(422,-174,'2014-05-05',19,6),(423,-10,'2014-05-05',18,10),(424,350,'2014-05-06',129,2),(425,1100,'2014-05-06',15,4),(426,-164,'2014-05-06',19,6),(427,-20,'2014-05-06',18,10),(428,-38,'2014-05-06',60,12),(429,-350,'2014-05-06',89,13),(430,-100,'2014-05-06',130,13),(431,1100,'2014-05-07',15,4),(432,100,'2014-05-07',131,5),(433,-20,'2014-05-07',19,6),(434,-100,'2014-05-07',66,12),(435,-90,'2014-05-07',9,12),(436,-40,'2014-05-07',60,12),(437,100,'2014-05-08',132,2),(438,250,'2014-05-08',16,2),(439,500,'2014-05-08',133,2),(440,100,'2014-05-08',1,3),(441,1200,'2014-05-08',15,4),(442,-115,'2014-05-08',18,10),(443,-35,'2014-05-08',127,13),(444,-188,'2014-05-08',125,13),(445,-500,'2014-05-09',5,8),(446,800,'2014-05-10',16,2),(447,200,'2014-05-10',5,2),(448,100,'2014-05-10',9,2),(449,-500,'2014-05-10',5,8),(450,-100,'2014-05-10',18,10),(451,-212,'2014-05-10',134,12),(452,-50,'2014-05-10',135,13),(453,300,'2014-05-11',8,5),(454,-32,'2014-05-11',74,12),(455,-110,'2014-05-11',121,12),(456,-26,'2014-05-11',136,12),(457,2254,'2014-05-12',55,5),(458,-168,'2014-05-12',19,6),(459,-14,'2014-05-12',13,11),(460,-79,'2014-05-12',137,12),(461,-162,'2014-05-12',138,12),(462,-96,'2014-05-13',139,12),(463,-60,'2014-05-13',2,12),(464,-453,'2014-05-13',140,12),(465,-460,'2014-05-13',3,12),(466,-209,'2014-05-13',141,13),(467,-148,'2014-05-14',19,6),(468,-14,'2014-05-14',13,11),(469,-35,'2014-05-14',142,12),(470,200,'2014-05-15',8,5),(471,-400,'2014-05-15',5,8),(472,-14,'2014-05-15',13,11),(473,-35,'2014-05-15',142,12),(474,-180,'2014-05-15',143,13),(475,-32,'2014-05-15',144,13),(476,6000,'2014-05-16',1,3),(477,-127,'2014-05-16',19,6),(478,-22,'2014-05-16',74,12),(479,-35,'2014-05-16',96,13),(480,-130,'2014-05-17',19,6),(481,-211,'2014-05-17',145,12),(482,-105,'2014-05-17',9,12),(483,-37,'2014-05-17',60,12),(484,-60,'2014-05-17',116,13),(485,1200,'2014-05-18',15,4),(486,-15,'2014-05-18',146,12),(487,-35,'2014-05-18',96,13),(488,-134,'2014-05-19',19,6),(489,-20,'2014-05-19',147,13),(490,-109,'2014-05-19',20,13),(491,-200,'2014-05-19',130,13),(492,-65,'2014-05-20',119,12),(493,-45,'2014-05-20',148,13),(494,-300,'2014-05-20',149,13),(495,-1070,'2014-05-20',150,13),(496,-35,'2014-05-20',151,13),(497,-500,'2014-05-20',152,13),(498,1200,'2014-05-21',15,4),(499,100,'2014-05-21',131,5),(500,-37,'2014-05-21',95,12),(501,-15,'2014-05-21',153,12),(502,-100,'2014-05-21',66,12),(503,-129,'2014-05-21',154,12),(504,-95,'2014-05-21',155,13),(505,-350,'2014-05-21',156,13),(506,1500,'2014-05-22',157,2),(507,500,'2014-05-22',35,2),(508,1000,'2014-05-22',1,3),(509,90,'2014-05-22',158,5),(510,-120,'2014-05-22',66,12),(511,-32,'2014-05-22',74,12),(512,-2000,'2014-05-22',159,13),(513,100,'2014-05-23',18,2),(514,150,'2014-05-23',130,5),(515,100,'2014-05-23',160,5),(516,-148,'2014-05-23',19,6),(517,-200,'2014-05-23',18,10),(518,-100,'2014-05-23',161,12),(519,-330,'2014-05-23',162,12),(520,-354,'2014-05-23',9,12),(521,-105,'2014-05-23',2,12),(522,-389,'2014-05-23',163,12),(523,-100,'2014-05-23',164,13),(524,-98,'2014-05-24',19,6),(525,-300,'2014-05-24',5,8),(526,500,'2014-05-25',1,3),(527,-700,'2014-05-25',5,8),(528,-92,'2014-05-25',14,13),(529,-45,'2014-05-25',75,13),(530,-56,'2014-05-27',24,13),(531,350,'2014-05-28',89,2),(532,50,'2014-05-28',1,3),(533,-130,'2014-05-28',19,6),(534,-50,'2014-05-28',24,13),(535,1200,'2014-05-29',15,4),(536,-150,'2014-05-29',19,6),(537,-300,'2014-05-29',5,8),(538,-27,'2014-05-29',74,12),(539,45000,'2014-05-30',165,5),(540,-106,'2014-05-30',19,6),(541,-178,'2014-05-30',63,12),(542,-100,'2014-05-30',132,13),(543,-200,'2014-05-30',166,13),(544,1100,'2014-05-31',1,3),(545,-173,'2014-05-31',19,6),(546,-16,'2014-05-31',18,10),(547,-250,'2014-05-31',167,12),(548,-400,'2014-05-31',168,12),(549,-92,'2014-05-31',9,12),(550,-440,'2014-05-31',163,12),(551,32,'2014-05-31',45,14),(552,1200,'2014-06-01',15,4),(553,-8,'2014-06-01',18,10),(554,-350,'2014-06-01',89,13),(555,500,'2014-06-02',68,2),(556,-242,'2014-06-02',19,6),(557,-520,'2014-06-02',18,10),(558,200,'2014-06-03',1,3),(559,-155,'2014-06-03',19,6),(560,-250,'2014-06-03',169,12),(561,-90,'2014-06-03',9,12),(562,-42,'2014-06-03',103,13),(563,-165,'2014-06-04',19,6),(564,-990,'2014-06-04',170,13),(565,-780,'2014-06-04',171,13),(566,-20,'2014-06-04',155,13),(567,200,'2014-06-05',1,3),(568,15000,'2014-06-05',13,5),(569,-157,'2014-06-05',19,6),(570,-50,'2014-06-05',93,12),(571,-2000,'2014-06-05',172,13),(572,-200,'2014-06-05',8,13),(573,-650,'2014-06-06',173,12),(574,-1500,'2014-06-06',174,12),(575,200,'2014-06-07',1,3),(576,-154,'2014-06-07',19,6),(577,-166,'2014-06-07',66,12),(578,-100,'2014-06-07',9,12),(579,-23,'2014-06-07',126,13),(580,-45,'2014-06-07',74,13),(581,-93,'2014-06-08',175,12),(582,200,'2014-06-09',1,3),(583,2254,'2014-06-09',55,5),(584,-175,'2014-06-09',19,6),(585,-258,'2014-06-09',9,12),(586,1000,'2014-06-10',1,3),(587,-137,'2014-06-10',19,6),(588,-110,'2014-06-11',19,6),(589,-37,'2014-06-11',88,12),(590,300,'2014-06-13',1,3),(591,-95,'2014-06-13',2,12),(592,-40,'2014-06-13',93,12),(593,-81,'2014-06-13',176,13),(594,-84,'2014-06-15',19,6),(595,-49,'2014-06-15',74,12),(596,-162,'2014-06-16',19,6),(597,-132,'2014-06-16',9,12),(598,-68,'2014-06-16',139,13),(599,200,'2014-06-17',1,3),(600,-158,'2014-06-17',19,6),(601,-27,'2014-06-17',88,12),(602,-200,'2014-06-17',177,13),(603,-35,'2014-06-17',155,13),(604,-60,'2014-06-17',178,13),(605,1000,'2014-06-18',1,3),(606,2254,'2014-06-18',55,5),(607,-168,'2014-06-18',19,6),(608,-32,'2014-06-18',18,10),(609,-130,'2014-06-18',9,12),(610,-1200,'2014-06-18',179,13),(611,-900,'2014-06-18',180,13),(612,-202,'2014-06-19',19,6),(613,-10,'2014-06-19',18,10),(614,-1475,'2014-06-19',181,12),(615,-50,'2014-06-19',182,13),(616,-150,'2014-06-19',183,13),(617,8622,'2014-06-20',184,5),(618,-300,'2014-06-20',19,6),(619,-40,'2014-06-20',18,10),(620,-637,'2014-06-20',185,12),(621,-100,'2014-06-20',74,13),(622,-577,'2014-06-21',186,12),(623,-17300,'2014-06-21',187,13),(624,150,'2014-06-22',188,5),(625,-150,'2014-06-22',18,10),(626,-410,'2014-06-22',20,13),(627,-150,'2014-06-23',19,6),(628,-150,'2014-06-24',19,6),(629,-271,'2014-06-24',9,12),(630,-500,'2014-06-24',189,12),(631,-100,'2014-06-24',8,12),(632,-100,'2014-06-24',190,13),(633,-180,'2014-06-25',19,6),(634,-155,'2014-06-25',9,12),(635,-20,'2014-06-25',191,12),(636,-191,'2014-06-25',9,12),(637,-109,'2014-06-25',33,12),(638,-200,'2014-06-25',192,13),(639,-180,'2014-06-26',19,6),(640,1000,'2014-06-27',1,3),(641,-337,'2014-06-27',19,6),(642,-150,'2014-06-27',9,12),(643,-200,'2014-06-27',193,12),(644,-350,'2014-06-27',194,12),(645,-428,'2014-06-28',174,12),(646,-1000,'2014-06-29',195,13),(647,-50,'2014-06-29',196,13),(648,2000,'2014-06-30',1,3),(649,-170,'2014-06-30',19,6),(650,-20,'2014-06-30',18,10),(651,-200,'2014-06-30',197,13),(652,-30,'2014-06-30',96,13),(653,-86,'2014-06-30',45,14),(654,650,'2014-07-01',89,2),(655,-170,'2014-07-01',198,7),(656,-20,'2014-07-01',18,10),(657,-230,'2014-07-01',199,13),(658,-50,'2014-07-01',132,13),(659,-170,'2014-07-02',198,7),(660,-20,'2014-07-02',18,10),(661,-100,'2014-07-02',174,12),(662,-350,'2014-07-02',200,13),(663,-170,'2014-07-03',198,7),(664,-20,'2014-07-03',18,10),(665,-17,'2014-07-03',176,12),(666,-10,'2014-07-03',201,12),(667,-400,'2014-07-03',202,13),(668,-235,'2014-07-03',203,13),(669,-147,'2014-07-03',204,13),(670,500,'2014-07-04',68,2),(671,16382,'2014-07-04',205,5),(672,-284,'2014-07-04',198,7),(673,-520,'2014-07-04',18,10),(674,-45,'2014-07-04',176,12),(675,-26,'2014-07-05',206,12),(676,-2499,'2014-07-05',170,13),(677,-349,'2014-07-05',207,13),(678,-280,'2014-07-05',208,13),(679,-798,'2014-07-05',209,13),(680,-1298,'2014-07-05',210,13),(681,-490,'2014-07-05',211,13),(682,-4056,'2014-07-05',212,13),(683,-320,'2014-07-06',213,12),(684,-107,'2014-07-06',214,12),(685,-77,'2014-07-07',198,7),(686,-40,'2014-07-07',215,13),(687,-3499,'2014-07-07',216,13),(688,-640,'2014-07-07',217,13),(689,4000,'2014-07-08',212,2),(690,1100,'2014-07-08',210,2),(691,250,'2014-07-08',208,2),(692,-204,'2014-07-08',198,7),(693,-550,'2014-07-08',218,13),(694,-77,'2014-07-09',198,7),(695,-169,'2014-07-10',198,7),(696,-100,'2014-07-10',219,13),(697,100,'2014-07-11',1,3),(698,-288,'2014-07-11',198,7),(699,-300,'2014-07-11',5,8),(700,-400,'2014-07-11',8,12),(701,-261,'2014-07-11',174,12),(702,-300,'2014-07-11',163,12),(703,-54500,'2014-07-11',220,13),(704,-500,'2014-07-12',5,8),(705,100,'2014-07-13',8,5),(706,-160,'2014-07-13',5,8),(707,-175,'2014-07-14',198,7),(708,-35,'2014-07-14',96,13),(709,-150,'2014-07-15',198,7),(710,200,'2014-07-16',1,3),(711,-165,'2014-07-16',198,7),(712,-124,'2014-07-16',125,12),(713,-115,'2014-07-16',121,12),(714,-77,'2014-07-17',198,7),(715,-60,'2014-07-17',86,13),(716,8622,'2014-07-18',221,5),(717,-185,'2014-07-18',198,7),(718,-1000,'2014-07-18',222,12),(719,-200,'2014-07-18',66,12),(720,-95,'2014-07-18',223,12),(721,-30,'2014-07-18',8,12),(722,-25,'2014-07-18',96,13),(723,-100,'2014-07-19',9,12),(724,-260,'2014-07-19',224,12),(725,-100,'2014-07-19',2,12),(726,-50,'2014-07-19',106,12),(727,-2500,'2014-07-20',225,13),(728,-88,'2014-07-21',198,7),(729,-250,'2014-07-21',8,12),(730,-250,'2014-07-21',226,12),(731,-200,'2014-07-21',227,13),(732,-20,'2014-07-21',126,13),(733,-130,'2014-07-22',198,7),(734,-27,'2014-07-22',176,12),(735,-25,'2014-07-22',96,13),(736,-212,'2014-07-23',198,7),(737,-30,'2014-07-23',96,13),(738,2000,'2014-07-24',228,2),(739,200,'2014-07-24',1,3),(740,-163,'2014-07-24',198,7),(741,-146,'2014-07-24',109,12),(742,-30,'2014-07-24',96,13),(743,-500,'2014-07-24',229,13),(744,-600,'2014-07-24',230,13),(745,-156,'2014-07-25',198,7),(746,-204,'2014-07-25',139,13),(747,-262,'2014-07-26',163,12),(748,-885,'2014-07-26',231,12),(749,-100,'2014-07-26',106,12),(750,-30,'2014-07-26',126,13),(751,-100,'2014-07-27',9,12),(752,1500,'2014-07-28',1,3),(753,-209,'2014-07-28',198,7),(754,-80,'2014-07-29',198,7),(755,-45,'2014-07-29',106,12),(756,-150,'2014-07-30',198,7),(757,-336,'2014-07-30',180,13),(758,400,'2014-07-31',1,3),(759,-95,'2014-07-31',198,7),(760,-40,'2014-07-31',232,13),(761,14,'2014-07-31',45,14),(762,500,'2014-08-01',89,2),(763,-150,'2014-08-01',198,7),(764,-230,'2014-08-01',233,13),(765,-350,'2014-08-01',129,13),(766,1000,'2014-08-02',234,2),(767,-50,'2014-08-02',18,10),(768,-100,'2014-08-02',235,13),(769,-1000,'2014-08-02',236,13),(770,-50,'2014-08-03',18,10),(771,-1040,'2014-08-03',104,12),(772,-150,'2014-08-03',140,12),(773,-150,'2014-08-03',237,12),(774,-95,'2014-08-03',2,12),(775,-45,'2014-08-04',198,7),(776,-147,'2014-08-04',9,12),(777,-440,'2014-08-04',238,13),(778,-121,'2014-08-04',204,13),(779,-200,'2014-08-04',239,13),(780,16382,'2014-08-05',205,5),(781,-97,'2014-08-05',198,7),(782,-50,'2014-08-05',18,10),(783,-137,'2014-08-05',240,12),(784,-100,'2014-08-05',241,12),(785,-50,'2014-08-06',18,10),(786,-119,'2014-08-06',242,12),(787,41000,'2014-08-07',243,2),(788,-150,'2014-08-07',198,7),(789,-50,'2014-08-07',18,10),(790,-300,'2014-08-07',8,12),(791,-1250,'2014-08-07',244,13),(792,-41000,'2014-08-07',245,13),(793,-1000,'2014-08-07',246,13),(794,-200,'2014-08-08',247,12),(795,-80,'2014-08-08',9,12),(796,-150,'2014-08-08',248,12),(797,-2000,'2014-08-08',249,13),(798,-3000,'2014-08-08',250,13),(799,100,'2014-08-09',251,5),(800,-200,'2014-08-09',252,12),(801,-140,'2014-08-09',21,12),(802,-400,'2014-08-09',253,12),(803,-352,'2014-08-09',254,13),(804,4100,'2014-08-10',255,5),(805,-50,'2014-08-10',18,10),(806,-140,'2014-08-10',9,12),(807,-133,'2014-08-10',256,12),(808,-500,'2014-08-10',257,13),(809,300,'2014-08-11',1,3),(810,-230,'2014-08-11',198,7),(811,-130,'2014-08-11',9,12),(812,50,'2014-08-12',258,5),(813,-224,'2014-08-12',198,7),(814,-225,'2014-08-12',9,12),(815,-126,'2014-08-13',198,7),(816,620,'2014-08-14',18,2),(817,500,'2014-08-14',259,2),(818,200,'2014-08-14',1,3),(819,-200,'2014-08-14',198,7),(820,-620,'2014-08-14',18,10),(821,-200,'2014-08-14',226,13),(822,-103,'2014-08-14',176,13),(823,1000,'2014-08-15',1,3),(824,-182,'2014-08-15',198,7),(825,1000,'2014-08-16',1,3),(826,-82,'2014-08-16',2,12),(827,-500,'2014-08-17',5,8),(828,-145,'2014-08-17',260,12),(829,-40,'2014-08-17',176,12),(830,-39000,'2014-08-17',261,13),(831,-60,'2014-08-17',262,13),(832,-235,'2014-08-18',198,7),(833,-82,'2014-08-18',2,12),(834,-100,'2014-08-18',263,13),(835,500,'2014-08-19',264,2),(836,-150,'2014-08-19',198,7),(837,-1468,'2014-08-19',265,12),(838,-1420,'2014-08-19',266,13),(839,-35,'2014-08-19',96,13),(840,8622,'2014-08-20',221,5),(841,-140,'2014-08-20',198,7),(842,-39,'2014-08-20',106,12),(843,-26,'2014-08-20',147,12),(844,-500,'2014-08-20',264,13),(845,-77,'2014-08-21',198,7),(846,-38,'2014-08-21',119,12),(847,-500,'2014-08-21',267,13),(848,-500,'2014-08-21',268,13),(849,-69,'2014-08-21',6,13),(850,-162,'2014-08-22',198,7),(851,-343,'2014-08-22',269,12),(852,-274,'2014-08-22',270,13),(853,-200,'2014-08-22',271,13),(854,100,'2014-08-23',272,2),(855,100,'2014-08-23',8,5),(856,-500,'2014-08-23',5,8),(857,-100,'2014-08-23',18,10),(858,-130,'2014-08-23',273,13),(859,-933,'2014-08-23',274,13),(860,500,'2014-08-24',5,2),(861,-500,'2014-08-24',5,8),(862,-157,'2014-08-25',198,7),(863,-190,'2014-08-25',9,12),(864,-32,'2014-08-25',176,12),(865,-30,'2014-08-25',96,13),(866,1500,'2014-08-26',275,2),(867,-85,'2014-08-26',198,7),(868,9500,'2014-08-27',276,5),(869,-103,'2014-08-27',198,7),(870,-1500,'2014-08-27',277,13),(871,500,'2014-08-28',1,3),(872,-185,'2014-08-28',198,7),(873,-300,'2014-08-28',5,8),(874,-355,'2014-08-28',278,12),(875,-950,'2014-08-28',279,13),(876,-490,'2014-08-28',211,13),(877,-698,'2014-08-28',280,13),(878,-8000,'2014-08-28',130,13),(879,4300,'2014-08-29',1,3),(880,-280,'2014-08-29',198,7),(881,-205,'2014-08-29',125,12),(882,-3790,'2014-08-29',281,13),(883,-590,'2014-08-29',209,13),(884,-550,'2014-08-29',35,13),(885,-565,'2014-08-29',282,13),(886,-300,'2014-08-29',283,13),(887,-1000,'2014-08-30',22,13),(888,-100,'2014-08-30',284,13),(889,4,'2014-08-31',45,14),(890,12809,'2014-09-05',205,5),(891,-2000,'2014-09-05',285,13),(892,-55,'2014-09-06',93,12),(893,-99,'2014-09-06',84,12),(894,-50,'2014-09-06',132,13),(895,-100,'2014-09-07',5,8),(896,-203,'2014-09-07',286,12),(897,-10000,'2014-09-07',287,13),(898,-380,'2014-09-07',20,13),(899,600,'2014-09-08',288,2),(900,400,'2014-09-08',1,3),(901,-277,'2014-09-08',198,7),(902,-350,'2014-09-08',289,13),(903,-195,'2014-09-09',198,7),(904,-230,'2014-09-09',290,13),(905,-140,'2014-09-10',198,7),(906,-100,'2014-09-10',5,8),(907,-200,'2014-09-10',18,10),(908,1200,'2014-09-11',15,4),(909,44000,'2014-09-11',261,5),(910,4508,'2014-09-11',55,5),(911,-300,'2014-09-11',5,8),(912,-140,'2014-09-11',139,12),(913,-4000,'2014-09-11',287,13),(914,-3000,'2014-09-11',291,13),(915,-214,'2014-09-12',198,7),(916,-170,'2014-09-12',292,12),(917,-500,'2014-09-12',293,13),(918,-100,'2014-09-12',294,13),(919,-150,'2014-09-13',198,7),(920,-791,'2014-09-13',295,13),(921,-100,'2014-09-14',5,8),(922,-230,'2014-09-15',198,7),(923,-25,'2014-09-15',296,13),(924,500,'2014-09-16',259,2),(925,1100,'2014-09-16',1,3),(926,30,'2014-09-16',297,5),(927,-185,'2014-09-16',198,7),(928,-195,'2014-09-16',298,12),(929,-500,'2014-09-16',259,13),(930,-191,'2014-09-17',198,7),(931,-300,'2014-09-17',5,8),(932,-60,'2014-09-17',299,13),(933,-645,'2014-09-17',300,13),(934,-23900,'2014-09-17',301,13),(935,150,'2014-09-18',68,2),(936,-140,'2014-09-18',198,7),(937,-250,'2014-09-18',18,10),(938,-50,'2014-09-18',84,12),(939,-5200,'2014-09-18',302,13),(940,-100,'2014-09-18',130,13),(941,7000,'2014-09-19',221,5),(942,-150,'2014-09-19',198,7),(943,-200,'2014-09-19',226,13),(944,-700,'2014-09-19',303,13),(945,150,'2014-09-20',8,5),(946,-500,'2014-09-20',5,8),(947,-805,'2014-09-20',304,13),(948,500,'2014-09-21',1,3),(949,-600,'2014-09-21',5,8),(950,-69,'2014-09-21',305,13),(951,-160,'2014-09-22',198,7),(952,-155,'2014-09-23',198,7),(953,1200,'2014-09-24',15,4),(954,-20,'2014-09-25',198,7),(955,-180,'2014-09-25',306,13),(956,-198,'2014-09-26',198,7),(957,-50,'2014-09-26',18,10),(958,-1200,'2014-09-26',307,13),(959,-400,'2014-09-27',5,8),(960,-468,'2014-09-27',308,12),(961,-45,'2014-09-27',136,13),(962,-206,'2014-09-28',9,12),(963,-2690,'2014-09-28',309,13),(964,-59,'2014-09-29',198,7),(965,-170,'2014-09-30',198,7),(966,-300,'2014-09-30',310,13),(967,9,'2014-09-30',45,14),(968,1200,'2014-10-01',15,4),(969,100,'2014-10-01',8,5),(970,-100,'2014-10-01',311,13),(971,100,'2014-10-02',68,2),(972,-100,'2014-10-02',18,10),(973,-535,'2014-10-02',308,12),(974,-100,'2014-10-02',312,13),(975,600,'2014-10-03',89,2),(976,400,'2014-10-03',1,3),(977,12321,'2014-10-03',205,5),(978,-290,'2014-10-03',198,7),(979,-350,'2014-10-03',313,13),(980,-400,'2014-10-04',5,8),(981,-600,'2014-10-04',314,12),(982,-800,'2014-10-04',308,12),(983,-423,'2014-10-04',41,13),(984,-100,'2014-10-04',315,13),(985,-34,'2014-10-05',316,12),(986,-260,'2014-10-06',198,7),(987,-10,'2014-10-06',317,13),(988,-215,'2014-10-07',198,7),(989,-100,'2014-10-07',18,10),(990,-100,'2014-10-07',2,12),(991,-25,'2014-10-07',318,12),(992,-600,'2014-10-07',314,12),(993,-600,'2014-10-07',319,12),(994,-25,'2014-10-07',96,13),(995,10000,'2014-10-08',320,5),(996,-102,'2014-10-08',321,12),(997,-150,'2014-10-08',63,12),(998,-1300,'2014-10-08',322,13),(999,-70,'2014-10-08',323,13),(1000,-3000,'2014-10-08',324,13),(1001,-142,'2014-10-09',198,7),(1002,5800,'2014-10-10',325,2),(1003,-400,'2014-10-10',5,8),(1004,-106,'2014-10-10',139,12),(1005,-119,'2014-10-10',33,12),(1006,-73,'2014-10-10',41,12),(1007,-54,'2014-10-10',326,13),(1008,-5120,'2014-10-10',327,13),(1009,-265,'2014-10-10',20,13),(1010,100,'2014-10-11',8,5),(1011,-100,'2014-10-11',198,7),(1012,-500,'2014-10-11',5,8),(1013,-100,'2014-10-11',18,10),(1014,-198,'2014-10-11',328,12),(1015,-5300,'2014-10-11',329,13),(1016,-157,'2014-10-11',20,13),(1017,300,'2014-10-12',5,2),(1018,-414,'2014-10-12',5,8),(1019,-242,'2014-10-13',198,7),(1020,-98,'2014-10-13',9,12),(1021,200,'2014-10-14',1,3),(1022,2254,'2014-10-14',55,5),(1023,-189,'2014-10-14',198,7),(1024,100,'2014-10-15',330,5),(1025,-107,'2014-10-15',198,7),(1026,-400,'2014-10-15',5,8),(1027,-124,'2014-10-15',331,12),(1028,-48,'2014-10-15',9,12),(1029,-635,'2014-10-15',308,12),(1030,-600,'2014-10-15',332,13),(1031,-1800,'2014-10-16',333,13),(1032,6300,'2014-10-17',334,2),(1033,-60,'2014-10-17',299,13),(1034,-5499,'2014-10-17',70,13),(1035,-599,'2014-10-17',335,13),(1036,100,'2014-10-18',68,2),(1037,-100,'2014-10-18',18,10),(1038,-586,'2014-10-18',336,12),(1039,-10,'2014-10-18',30,13),(1040,-25,'2014-10-19',316,12),(1041,-620,'2014-10-19',314,12),(1042,-125,'2014-10-19',139,12),(1043,8622,'2014-10-20',221,5),(1044,-30,'2014-10-20',198,7),(1045,-200,'2014-10-20',337,13),(1046,80,'2014-10-21',1,3),(1047,-35,'2014-10-21',198,7),(1048,-35,'2014-10-21',338,13),(1049,1200,'2014-10-22',15,4),(1050,-53,'2014-10-22',339,12),(1051,-48,'2014-10-22',9,12),(1052,400,'2014-10-23',1,3),(1053,-44,'2014-10-23',198,7),(1054,-150,'2014-10-23',139,12),(1055,-34,'2014-10-23',340,12),(1056,-25,'2014-10-23',316,12),(1057,-500,'2014-10-23',341,12),(1058,-50,'2014-10-23',24,13),(1059,-100,'2014-10-23',330,13),(1060,-45,'2014-10-24',198,7),(1061,-100,'2014-10-24',18,10),(1062,-65,'2014-10-24',66,12),(1063,-400,'2014-10-24',140,12),(1064,-192,'2014-10-24',9,12),(1065,-50,'2014-10-24',342,13),(1066,-300,'2014-10-25',5,8),(1067,-30,'2014-10-25',316,12),(1068,-69,'2014-10-25',196,13),(1069,-3000,'2014-10-25',343,13),(1070,-180,'2014-10-25',344,13),(1071,500,'2014-10-26',8,5),(1072,-300,'2014-10-26',5,8),(1073,-468,'2014-10-26',9,12),(1074,-70,'2014-10-26',345,12),(1075,188,'2014-10-27',1,3),(1076,-127,'2014-10-27',198,7),(1077,100,'2014-10-28',1,3),(1078,-105,'2014-10-28',198,7),(1079,-259,'2014-10-28',346,13),(1080,200,'2014-10-29',1,3),(1081,1200,'2014-10-29',15,4),(1082,-10,'2014-10-29',198,7),(1083,-169,'2014-10-29',9,12),(1084,-150,'2014-10-30',198,7),(1085,-300,'2014-10-30',5,8),(1086,-50,'2014-10-30',18,10),(1087,-550,'2014-10-30',314,12),(1088,-27,'2014-10-30',316,12),(1089,-335,'2014-10-30',347,12),(1090,-41,'2014-10-30',348,12),(1091,2800,'2014-10-31',349,2),(1092,200,'2014-10-31',1,3),(1093,16382,'2014-10-31',205,5),(1094,-65,'2014-10-31',198,7),(1095,-167,'2014-10-31',9,12),(1096,-2700,'2014-10-31',349,13),(1097,2,'2014-10-31',45,14),(1098,500,'2014-11-01',8,5),(1099,-108,'2014-11-01',198,7),(1100,-600,'2014-11-01',5,8),(1101,-50,'2014-11-01',18,10),(1102,-27,'2014-11-01',316,12),(1103,-315,'2014-11-01',350,13),(1104,-424,'2014-11-01',351,13),(1105,700,'2014-11-03',352,2),(1106,-30,'2014-11-03',316,12),(1107,-47,'2014-11-03',9,12),(1108,-60,'2014-11-03',93,12),(1109,-350,'2014-11-03',8,12),(1110,-350,'2014-11-03',353,13),(1111,-230,'2014-11-03',48,13),(1112,-135,'2014-11-04',139,12),(1113,-100,'2014-11-04',109,12),(1114,100,'2014-11-05',18,2),(1115,2400,'2014-11-05',15,4),(1116,-108,'2014-11-05',198,7),(1117,-173,'2014-11-05',18,10),(1118,-42,'2014-11-05',139,12),(1119,-40,'2014-11-05',6,12),(1120,-700,'2014-11-05',354,13),(1121,-300,'2014-11-05',355,13),(1122,200,'2014-11-06',1,3),(1123,-213,'2014-11-06',198,7),(1124,-197,'2014-11-06',328,12),(1125,-49,'2014-11-06',9,12),(1126,-500,'2014-11-06',356,12),(1127,-100,'2014-11-06',190,13),(1128,1800,'2014-11-07',357,5),(1129,-89,'2014-11-07',198,7),(1130,-95,'2014-11-07',358,12),(1131,1000,'2014-11-08',1,3),(1132,-10,'2014-11-08',198,7),(1133,-300,'2014-11-08',5,8),(1134,-313,'2014-11-08',9,12),(1135,-15000,'2014-11-08',359,13),(1136,-38,'2014-11-09',316,12),(1137,-1000,'2014-11-09',360,12),(1138,-378,'2014-11-09',109,12),(1139,-45,'2014-11-09',361,12),(1140,-350,'2014-11-09',8,12),(1141,-135,'2014-11-10',198,7),(1142,-207,'2014-11-10',66,12),(1143,-93,'2014-11-11',198,7),(1144,-971,'2014-11-11',92,12),(1145,-300,'2014-11-11',8,12),(1146,-198,'2014-11-11',362,13),(1147,-320,'2014-11-11',363,13),(1148,1500,'2014-11-12',1,3),(1149,1400,'2014-11-12',15,4),(1150,-300,'2014-11-12',5,8),(1151,-77,'2014-11-13',139,12),(1152,-550,'2014-11-13',314,12),(1153,2254,'2014-11-14',55,5),(1154,-236,'2014-11-14',198,7),(1155,-160,'2014-11-14',364,13),(1156,-200,'2014-11-14',365,13),(1157,-139,'2014-11-14',366,13),(1158,-400,'2014-11-15',367,12),(1159,-5000,'2014-11-15',368,13),(1160,3000,'2014-11-16',369,2),(1161,-300,'2014-11-16',5,8),(1162,-179,'2014-11-16',26,12),(1163,-944,'2014-11-16',370,13),(1164,-205,'2014-11-17',198,7),(1165,-50,'2014-11-17',18,10),(1166,-60,'2014-11-17',371,13),(1167,-220,'2014-11-18',198,7),(1168,-700,'2014-11-18',372,13),(1169,-618,'2014-11-18',373,13),(1170,3400,'2014-11-19',15,4),(1171,100,'2014-11-19',8,5),(1172,-50,'2014-11-19',18,10),(1173,-17,'2014-11-19',316,12),(1174,8622,'2014-11-20',221,5),(1175,-152,'2014-11-20',198,7),(1176,-180,'2014-11-21',198,7),(1177,-119,'2014-11-21',33,12),(1178,-45,'2014-11-21',215,13),(1179,-200,'2014-11-21',374,13),(1180,-5000,'2014-11-21',375,13),(1181,-100,'2014-11-21',376,13),(1182,-666,'2014-11-21',377,13),(1183,-199,'2014-11-21',138,13),(1184,-41,'2014-11-21',96,13),(1185,-300,'2014-11-22',5,8),(1186,-50,'2014-11-22',18,10),(1187,-95,'2014-11-22',2,12),(1188,-12,'2014-11-22',9,12),(1189,-1000,'2014-11-22',378,13),(1190,-100,'2014-11-23',5,8),(1191,-403,'2014-11-23',138,13),(1192,-250,'2014-11-23',379,13),(1193,-214,'2014-11-24',198,7),(1194,-50,'2014-11-24',18,10),(1195,-28,'2014-11-24',380,12),(1196,-22,'2014-11-25',381,12),(1197,200,'2014-11-26',1,3),(1198,1200,'2014-11-26',15,4),(1199,-200,'2014-11-26',5,8),(1200,-50,'2014-11-26',18,10),(1201,-199,'2014-11-26',26,12),(1202,-289,'2014-11-27',198,7),(1203,-300,'2014-11-27',5,8),(1204,-135,'2014-11-27',382,12),(1205,-5000,'2014-11-27',383,13),(1206,200,'2014-11-28',1,3),(1207,-200,'2014-11-28',198,7),(1208,180,'2014-11-29',1,3),(1209,5000,'2014-11-29',368,5),(1210,-135,'2014-11-29',198,7),(1211,-140,'2014-11-29',384,12),(1212,-300,'2014-11-29',385,12),(1213,650,'2014-11-30',288,2),(1214,1200,'2014-11-30',15,4),(1215,-50,'2014-11-30',18,10),(1216,12,'2014-11-30',45,14),(1217,-238,'2014-12-01',198,7),(1218,-350,'2014-12-01',129,13),(1219,200,'2014-12-02',1,3),(1220,-168,'2014-12-02',198,7),(1221,-50,'2014-12-02',18,10),(1222,-20,'2014-12-02',316,12),(1223,-600,'2014-12-02',386,12),(1224,-348,'2014-12-02',9,12),(1225,-85,'2014-12-02',387,13),(1226,-230,'2014-12-02',233,13),(1227,-30,'2014-12-02',96,13),(1228,2400,'2014-12-03',15,4),(1229,-200,'2014-12-03',5,8),(1230,200,'2014-12-04',1,3),(1231,-221,'2014-12-04',198,7),(1232,790,'2014-12-05',388,2),(1233,810,'2014-12-05',1,3),(1234,16382,'2014-12-05',205,5),(1235,-165,'2014-12-05',198,7),(1236,-196,'2014-12-06',198,7),(1237,-200,'2014-12-06',5,8),(1238,-100,'2014-12-06',18,10),(1239,-95,'2014-12-06',2,12),(1240,-70,'2014-12-06',389,12),(1241,-300,'2014-12-06',104,12),(1242,-790,'2014-12-06',390,13),(1243,-1500,'2014-12-06',391,13),(1244,-27,'2014-12-06',6,13),(1245,-250,'2014-12-07',308,12),(1246,-224,'2014-12-08',198,7),(1247,-194,'2014-12-08',20,13),(1248,-215,'2014-12-09',198,7),(1249,-100,'2014-12-09',2,12),(1250,200,'2014-12-10',1,3),(1251,2254,'2014-12-10',55,5),(1252,-500,'2014-12-10',5,8),(1253,-500,'2014-12-11',5,8),(1254,-100,'2014-12-11',18,10),(1255,-100,'2014-12-11',2,12),(1256,-272,'2014-12-11',9,12),(1257,-82,'2014-12-11',377,12),(1258,-1500,'2014-12-11',392,13),(1259,500,'2014-12-12',393,5),(1260,-115,'2014-12-12',198,7),(1261,-189,'2014-12-12',109,12),(1262,-99,'2014-12-12',2,12),(1263,-350,'2014-12-12',394,12),(1264,-94,'2014-12-12',9,12),(1265,-500,'2014-12-12',8,12),(1266,-1000,'2014-12-12',395,13),(1267,-30,'2014-12-12',96,13),(1268,-540,'2014-12-13',396,12),(1269,-200,'2014-12-13',397,13),(1270,-800,'2014-12-13',398,13),(1271,1200,'2014-12-14',15,4),(1272,-99,'2014-12-14',2,12),(1273,-2310,'2014-12-14',399,13),(1274,-110,'2014-12-14',87,13),(1275,200,'2014-12-15',1,3),(1276,-105,'2014-12-15',198,7),(1277,-248,'2014-12-16',198,7),(1278,-100,'2014-12-16',18,10),(1279,-300,'2014-12-16',400,13),(1280,1200,'2014-12-17',15,4),(1281,-55,'2014-12-17',26,12),(1282,-99,'2014-12-17',2,12),(1283,-60,'2014-12-17',86,13),(1284,-40,'2014-12-17',401,13),(1285,-203,'2014-12-18',198,7),(1286,-300,'2014-12-18',5,8),(1287,-50,'2014-12-18',402,12),(1288,-2000,'2014-12-18',403,13),(1289,-4600,'2014-12-18',404,13),(1290,8623,'2014-12-19',405,5),(1291,2940,'2014-12-19',55,5),(1292,-109,'2014-12-19',198,7),(1293,-99,'2014-12-19',2,12),(1294,-49,'2014-12-20',198,7),(1295,-800,'2014-12-21',179,13),(1296,-189,'2014-12-22',198,7),(1297,-178,'2014-12-22',26,12),(1298,-3500,'2014-12-22',406,13),(1299,-109,'2014-12-23',198,7),(1300,-100,'2014-12-23',18,10),(1301,-103,'2014-12-23',2,12),(1302,-577,'2014-12-23',279,13),(1303,850,'2014-12-24',407,5),(1304,-566,'2014-12-24',408,12),(1305,-214,'2014-12-25',198,7),(1306,-89,'2014-12-25',2,12),(1307,-95,'2014-12-25',409,13),(1308,28039,'2014-12-26',198,5),(1309,-182,'2014-12-26',198,7),(1310,-1000,'2014-12-26',410,13),(1311,-158,'2014-12-27',198,7),(1312,-500,'2014-12-27',5,8),(1313,-100,'2014-12-27',18,10),(1314,-231,'2014-12-27',9,12),(1315,-103,'2014-12-27',2,12),(1316,-537,'2014-12-27',332,13),(1317,1200,'2014-12-28',15,4),(1318,-35,'2014-12-28',96,13),(1319,100,'2014-12-29',1,3),(1320,-247,'2014-12-29',198,7),(1321,3500,'2014-12-30',411,5),(1322,-174,'2014-12-30',198,7),(1323,-99,'2014-12-30',2,12),(1324,-729,'2014-12-30',412,13),(1325,-500,'2014-12-31',5,8),(1326,-100,'2014-12-31',18,10),(1327,-206,'2014-12-31',413,12),(1328,-2968,'2014-12-31',414,13),(1329,-9,'2014-12-31',45,14),(1330,1600,'2015-01-03',15,4),(1331,-25,'2015-01-03',316,12),(1332,-103,'2015-01-03',2,12),(1333,-164,'2015-01-03',63,12),(1334,-35,'2015-01-03',96,13),(1335,-145,'2015-01-04',9,12),(1336,-1247,'2015-01-04',415,12),(1337,-50,'2015-01-04',119,12),(1338,-40,'2015-01-04',14,12),(1339,-350,'2015-01-04',129,13),(1340,-600,'2015-01-04',8,13),(1341,1200,'2015-01-05',15,4),(1342,-100,'2015-01-06',18,10),(1343,-105,'2015-01-06',2,12),(1344,-1205,'2015-01-06',104,12),(1345,-97,'2015-01-08',9,12),(1346,-230,'2015-01-08',416,13),(1347,2500,'2015-01-09',1,3),(1348,1200,'2015-01-09',15,4),(1349,-500,'2015-01-09',5,8),(1350,-517,'2015-01-09',104,12),(1351,-103,'2015-01-09',2,12),(1352,100,'2015-01-10',13,2),(1353,-136,'2015-01-10',19,6),(1354,-111,'2015-01-10',9,12),(1355,-100,'2015-01-10',13,13),(1356,-1000,'2015-01-10',417,13);
/*!40000 ALTER TABLE `record` ENABLE KEYS */;
UNLOCK TABLES;

--
-- Table structure for table `sign`
--

DROP TABLE IF EXISTS `sign`;
/*!40101 SET @saved_cs_client     = @@character_set_client */;
/*!40101 SET character_set_client = utf8 */;
CREATE TABLE `sign` (
  `id` tinyint(4) NOT NULL AUTO_INCREMENT,
  `value` varchar(45) NOT NULL,
  PRIMARY KEY (`id`),
  UNIQUE KEY `value_UNIQUE` (`value`)
) ENGINE=InnoDB AUTO_INCREMENT=4 DEFAULT CHARSET=utf8;
/*!40101 SET character_set_client = @saved_cs_client */;

--
-- Dumping data for table `sign`
--

LOCK TABLES `sign` WRITE;
/*!40000 ALTER TABLE `sign` DISABLE KEYS */;
INSERT INTO `sign` VALUES (3,'без знака'),(2,'минус'),(1,'плюс');
/*!40000 ALTER TABLE `sign` ENABLE KEYS */;
UNLOCK TABLES;

--
-- Table structure for table `transaction_category`
--

DROP TABLE IF EXISTS `transaction_category`;
/*!40101 SET @saved_cs_client     = @@character_set_client */;
/*!40101 SET character_set_client = utf8 */;
CREATE TABLE `transaction_category` (
  `id` int(11) NOT NULL AUTO_INCREMENT,
  `name` varchar(30) NOT NULL,
  `sort` int(10) unsigned DEFAULT NULL,
  `value` varchar(30) NOT NULL,
  `deleted` tinyint(4) NOT NULL DEFAULT '0',
  `sign` tinyint(1) DEFAULT '0',
  PRIMARY KEY (`id`)
) ENGINE=InnoDB AUTO_INCREMENT=18 DEFAULT CHARSET=utf8;
/*!40101 SET character_set_client = @saved_cs_client */;

--
-- Dumping data for table `transaction_category`
--

LOCK TABLES `transaction_category` WRITE;
/*!40000 ALTER TABLE `transaction_category` DISABLE KEYS */;
INSERT INTO `transaction_category` VALUES (1,'date',1,'Дата',0,0),(2,'p_mom_multiple',2,'Мама',0,1),(3,'p_mompm',3,'Мама (PM)',0,1),(4,'p_pupils',4,'Ученики',0,1),(5,'p_other_multiple',5,'Другие доходы',0,1),(6,'m_university',6,'Универ',0,2),(7,'m_mti',7,'MTI',0,2),(8,'m_petrol',8,'бенз',0,2),(9,'m_mobile',8,'Моб',1,2),(10,'m_mobile',9,'Мобила',0,2),(11,'m_ipad',10,'iPad',0,2),(12,'m_spend_multiple',11,'Гулянки',0,2),(13,'m_other_multiple',12,'Другие расходы',0,2),(14,'correcting',13,'Корректировка',0,0),(15,'countmoney',14,'ТС по расчету',0,0),(16,'realmoney',15,'ТС по деньгам',0,0),(17,'difference',16,'Разница',0,0);
/*!40000 ALTER TABLE `transaction_category` ENABLE KEYS */;
UNLOCK TABLES;

--
-- Table structure for table `user`
--

DROP TABLE IF EXISTS `user`;
/*!40101 SET @saved_cs_client     = @@character_set_client */;
/*!40101 SET character_set_client = utf8 */;
CREATE TABLE `user` (
  `idid` int(11) NOT NULL DEFAULT '0',
  `login_11` varchar(15) DEFAULT NULL,
  `email` varchar(255) DEFAULT NULL,
  `password` varchar(32) NOT NULL,
  `createtime` timestamp NOT NULL DEFAULT CURRENT_TIMESTAMP,
  PRIMARY KEY (`idid`)
) ENGINE=InnoDB DEFAULT CHARSET=utf8;
/*!40101 SET character_set_client = @saved_cs_client */;

--
-- Dumping data for table `user`
--

LOCK TABLES `user` WRITE;
/*!40000 ALTER TABLE `user` DISABLE KEYS */;
INSERT INTO `user` VALUES (1,'ilya','ilya-direct@ya.ru','111111','2014-07-24 06:42:48');
/*!40000 ALTER TABLE `user` ENABLE KEYS */;
UNLOCK TABLES;
/*!40103 SET TIME_ZONE=@OLD_TIME_ZONE */;

/*!40101 SET SQL_MODE=@OLD_SQL_MODE */;
/*!40014 SET FOREIGN_KEY_CHECKS=@OLD_FOREIGN_KEY_CHECKS */;
/*!40014 SET UNIQUE_CHECKS=@OLD_UNIQUE_CHECKS */;
/*!40101 SET CHARACTER_SET_CLIENT=@OLD_CHARACTER_SET_CLIENT */;
/*!40101 SET CHARACTER_SET_RESULTS=@OLD_CHARACTER_SET_RESULTS */;
/*!40101 SET COLLATION_CONNECTION=@OLD_COLLATION_CONNECTION */;
/*!40111 SET SQL_NOTES=@OLD_SQL_NOTES */;

-- Dump completed on 2015-01-18 13:07:27
